Bill No,Customer Name,Email,Mobile No,Products,Total,Date
5223,arman,armannakhwa03@gmail.com,123,/Shower gel        1           100/ Daal              1           80,189.0,2021-05-03 17:26:06
5223,ved,vedshirgaonkar@gmail.com,123,/Shower gel        1           100/ Daal              1           80,189.0,2021-05-03 17:26:06
8542,Arman Nakhwa,armannakhwa19@gmail.com,,/ Liquid Shampoo    1           140,147.0,2021-05-07 23:38:55
5786,A1,armannakhwa19@gmail.com,,/Shower gel        1           100,105.0,2021-05-07 23:41:55
2259,armannakhwa,www.armannakhwa99@gmail.com,1122,/ Face Wash         1           240/ Mountain Dew      1           40/ Pepsi             1           50,346.5,2021-05-07 23:45:28
